[
  {
    "icon": "fa fa-home",
    "slug": "external",
    "title": "Volver al inicio",
    "path": "index.html"
  },  
  {
    "icon": "fa fa-file-text-o",
    "slug": "tema-1",
    "title": "1. Nutrición por curso de vida",
    "path": "pages/tema-1.html"
  }, 
  {
    "icon": "fa fa-file-text-o",
    "slug": "tema-2",
    "title": "2. Salud y nutrición",
    "path": "pages/tema-2.html" 
  },
  {
    "icon": "fa fa-play-circle",
    "slug": "tema-3",
    "title": "3. Guías alimentarias para la población colombiana mayor de 2 años",
    "path": "pages/tema-3.html" 
  },
  {
    "icon": "fa fa-file-text-o",
    "slug": "tema-4",
    "title": "4. Guías alimentarias basadas en alimentos para mujeres gestantes, madres en periodo de lactancia y niños y niñas menores de 2 años de Colombia",
    "path": "pages/tema-4.html" 
  }     
]